Frame_Number,Timestamp,Timestamp_Epoch,Timestamp_Shift,Source_IP,Destination_IP,Length,Header_Rosctr,Header_PduRef,Param_Function,Param_Item_Count,Param_Item_Transport_Size,Param_Item_Length,Param_Item_DB,Param_Item_Area,Param_Address_Byte,Param_Address_Bit,Variable_Name,Data_Type,Data_Value,Data_Return_Code
1,"Mar  1, 2025 16:07:52.913675704 CET",1740841672.913675704,0.000000000,127.0.0.1,127.0.0.1,97,JOB,5376,READ,1,BYTE,1,1,DATA_BLOCK,0,0,Machine state,BOOL,Unknown,Unknown
2,"Mar  1, 2025 16:07:52.913812951 CET",1740841672.913812951,0.000137247,127.0.0.1,127.0.0.1,92,ACK_DATA,5376,READ,1,Unknown,Unknown,Unknown,Unknown,Unknown,Unknown,Machine state,BOOL,True,SUCCESS
4,"Mar  1, 2025 16:07:52.915007328 CET",1740841672.915007328,0.001331624,127.0.0.1,127.0.0.1,97,JOB,5632,READ,1,BYTE,2,1,DATA_BLOCK,2,0,Desired temperature,INT,Unknown,Unknown
5,"Mar  1, 2025 16:07:52.915130285 CET",1740841672.915130285,0.001454581,127.0.0.1,127.0.0.1,93,ACK_DATA,5632,READ,1,Unknown,Unknown,Unknown,Unknown,Unknown,Unknown,Desired temperature,INT,10,SUCCESS
6,"Mar  1, 2025 16:07:52.916348674 CET",1740841672.916348674,0.002672970,127.0.0.1,127.0.0.1,97,JOB,5888,READ,1,BYTE,4,1,DATA_BLOCK,4,0,Current temperature,REAL,Unknown,Unknown
7,"Mar  1, 2025 16:07:52.916485917 CET",1740841672.916485917,0.002810213,127.0.0.1,127.0.0.1,95,ACK_DATA,5888,READ,1,Unknown,Unknown,Unknown,Unknown,Unknown,Unknown,Current temperature,REAL,17.0,SUCCESS
9,"Mar  1, 2025 16:07:53.918629840 CET",1740841673.918629840,1.004954136,127.0.0.1,127.0.0.1,97,JOB,6144,READ,1,BYTE,1,1,DATA_BLOCK,0,0,Machine state,BOOL,Unknown,Unknown
10,"Mar  1, 2025 16:07:53.918818033 CET",1740841673.918818033,1.005142329,127.0.0.1,127.0.0.1,92,ACK_DATA,6144,READ,1,Unknown,Unknown,Unknown,Unknown,Unknown,Unknown,Machine state,BOOL,True,SUCCESS
12,"Mar  1, 2025 16:07:53.919959105 CET",1740841673.919959105,1.006283401,127.0.0.1,127.0.0.1,97,JOB,6400,READ,1,BYTE,2,1,DATA_BLOCK,2,0,Desired temperature,INT,Unknown,Unknown
13,"Mar  1, 2025 16:07:53.920128136 CET",1740841673.920128136,1.006452432,127.0.0.1,127.0.0.1,93,ACK_DATA,6400,READ,1,Unknown,Unknown,Unknown,Unknown,Unknown,Unknown,Desired temperature,INT,10,SUCCESS
14,"Mar  1, 2025 16:07:53.921300974 CET",1740841673.921300974,1.007625270,127.0.0.1,127.0.0.1,97,JOB,6656,READ,1,BYTE,4,1,DATA_BLOCK,4,0,Current temperature,REAL,Unknown,Unknown
15,"Mar  1, 2025 16:07:53.921491248 CET",1740841673.921491248,1.007815544,127.0.0.1,127.0.0.1,95,ACK_DATA,6656,READ,1,Unknown,Unknown,Unknown,Unknown,Unknown,Unknown,Current temperature,REAL,16.5,SUCCESS
17,"Mar  1, 2025 16:07:54.923642702 CET",1740841674.923642702,2.009966998,127.0.0.1,127.0.0.1,97,JOB,6912,READ,1,BYTE,1,1,DATA_BLOCK,0,0,Machine state,BOOL,Unknown,Unknown
18,"Mar  1, 2025 16:07:54.923814582 CET",1740841674.923814582,2.010138878,127.0.0.1,127.0.0.1,92,ACK_DATA,6912,READ,1,Unknown,Unknown,Unknown,Unknown,Unknown,Unknown,Machine state,BOOL,True,SUCCESS
20,"Mar  1, 2025 16:07:54.924975831 CET",1740841674.924975831,2.011300127,127.0.0.1,127.0.0.1,97,JOB,7168,READ,1,BYTE,2,1,DATA_BLOCK,2,0,Desired temperature,INT,Unknown,Unknown
21,"Mar  1, 2025 16:07:54.925144479 CET",1740841674.925144479,2.011468775,127.0.0.1,127.0.0.1,93,ACK_DATA,7168,READ,1,Unknown,Unknown,Unknown,Unknown,Unknown,Unknown,Desired temperature,INT,10,SUCCESS
22,"Mar  1, 2025 16:07:54.926311319 CET",1740841674.926311319,2.012635615,127.0.0.1,127.0.0.1,97,JOB,7424,READ,1,BYTE,4,1,DATA_BLOCK,4,0,Current temperature,REAL,Unknown,Unknown
23,"Mar  1, 2025 16:07:54.926486320 CET",1740841674.926486320,2.012810616,127.0.0.1,127.0.0.1,95,ACK_DATA,7424,READ,1,Unknown,Unknown,Unknown,Unknown,Unknown,Unknown,Current temperature,REAL,16.0,SUCCESS
25,"Mar  1, 2025 16:07:55.928631148 CET",1740841675.928631148,3.014955444,127.0.0.1,127.0.0.1,97,JOB,7680,READ,1,BYTE,1,1,DATA_BLOCK,0,0,Machine state,BOOL,Unknown,Unknown
26,"Mar  1, 2025 16:07:55.928831140 CET",1740841675.928831140,3.015155436,127.0.0.1,127.0.0.1,92,ACK_DATA,7680,READ,1,Unknown,Unknown,Unknown,Unknown,Unknown,Unknown,Machine state,BOOL,True,SUCCESS
28,"Mar  1, 2025 16:07:55.929928292 CET",1740841675.929928292,3.016252588,127.0.0.1,127.0.0.1,97,JOB,7936,READ,1,BYTE,2,1,DATA_BLOCK,2,0,Desired temperature,INT,Unknown,Unknown
29,"Mar  1, 2025 16:07:55.930111930 CET",1740841675.930111930,3.016436226,127.0.0.1,127.0.0.1,93,ACK_DATA,7936,READ,1,Unknown,Unknown,Unknown,Unknown,Unknown,Unknown,Desired temperature,INT,10,SUCCESS
30,"Mar  1, 2025 16:07:55.931273780 CET",1740841675.931273780,3.017598076,127.0.0.1,127.0.0.1,97,JOB,8192,READ,1,BYTE,4,1,DATA_BLOCK,4,0,Current temperature,REAL,Unknown,Unknown
31,"Mar  1, 2025 16:07:55.931505714 CET",1740841675.931505714,3.017830010,127.0.0.1,127.0.0.1,95,ACK_DATA,8192,READ,1,Unknown,Unknown,Unknown,Unknown,Unknown,Unknown,Current temperature,REAL,15.5,SUCCESS
33,"Mar  1, 2025 16:07:56.933693528 CET",1740841676.933693528,4.020017824,127.0.0.1,127.0.0.1,97,JOB,8448,READ,1,BYTE,1,1,DATA_BLOCK,0,0,Machine state,BOOL,Unknown,Unknown
34,"Mar  1, 2025 16:07:56.933821272 CET",1740841676.933821272,4.020145568,127.0.0.1,127.0.0.1,92,ACK_DATA,8448,READ,1,Unknown,Unknown,Unknown,Unknown,Unknown,Unknown,Machine state,BOOL,True,SUCCESS
36,"Mar  1, 2025 16:07:56.935036915 CET",1740841676.935036915,4.021361211,127.0.0.1,127.0.0.1,97,JOB,8704,READ,1,BYTE,2,1,DATA_BLOCK,2,0,Desired temperature,INT,Unknown,Unknown
37,"Mar  1, 2025 16:07:56.935154813 CET",1740841676.935154813,4.021479109,127.0.0.1,127.0.0.1,93,ACK_DATA,8704,READ,1,Unknown,Unknown,Unknown,Unknown,Unknown,Unknown,Desired temperature,INT,10,SUCCESS
38,"Mar  1, 2025 16:07:56.936415356 CET",1740841676.936415356,4.022739652,127.0.0.1,127.0.0.1,97,JOB,8960,READ,1,BYTE,4,1,DATA_BLOCK,4,0,Current temperature,REAL,Unknown,Unknown
39,"Mar  1, 2025 16:07:56.936542129 CET",1740841676.936542129,4.022866425,127.0.0.1,127.0.0.1,95,ACK_DATA,8960,READ,1,Unknown,Unknown,Unknown,Unknown,Unknown,Unknown,Current temperature,REAL,15.0,SUCCESS
41,"Mar  1, 2025 16:07:57.938647496 CET",1740841677.938647496,5.024971792,127.0.0.1,127.0.0.1,97,JOB,9216,READ,1,BYTE,1,1,DATA_BLOCK,0,0,Machine state,BOOL,Unknown,Unknown
42,"Mar  1, 2025 16:07:57.938813717 CET",1740841677.938813717,5.025138013,127.0.0.1,127.0.0.1,92,ACK_DATA,9216,READ,1,Unknown,Unknown,Unknown,Unknown,Unknown,Unknown,Machine state,BOOL,True,SUCCESS
44,"Mar  1, 2025 16:07:57.939994595 CET",1740841677.939994595,5.026318891,127.0.0.1,127.0.0.1,97,JOB,9472,READ,1,BYTE,2,1,DATA_BLOCK,2,0,Desired temperature,INT,Unknown,Unknown
45,"Mar  1, 2025 16:07:57.940186779 CET",1740841677.940186779,5.026511075,127.0.0.1,127.0.0.1,93,ACK_DATA,9472,READ,1,Unknown,Unknown,Unknown,Unknown,Unknown,Unknown,Desired temperature,INT,10,SUCCESS
46,"Mar  1, 2025 16:07:57.941296737 CET",1740841677.941296737,5.027621033,127.0.0.1,127.0.0.1,97,JOB,9728,READ,1,BYTE,4,1,DATA_BLOCK,4,0,Current temperature,REAL,Unknown,Unknown
47,"Mar  1, 2025 16:07:57.941446252 CET",1740841677.941446252,5.027770548,127.0.0.1,127.0.0.1,95,ACK_DATA,9728,READ,1,Unknown,Unknown,Unknown,Unknown,Unknown,Unknown,Current temperature,REAL,14.5,SUCCESS
49,"Mar  1, 2025 16:07:58.943629802 CET",1740841678.943629802,6.029954098,127.0.0.1,127.0.0.1,97,JOB,9984,READ,1,BYTE,1,1,DATA_BLOCK,0,0,Machine state,BOOL,Unknown,Unknown
50,"Mar  1, 2025 16:07:58.943813764 CET",1740841678.943813764,6.030138060,127.0.0.1,127.0.0.1,92,ACK_DATA,9984,READ,1,Unknown,Unknown,Unknown,Unknown,Unknown,Unknown,Machine state,BOOL,True,SUCCESS
52,"Mar  1, 2025 16:07:58.944924590 CET",1740841678.944924590,6.031248886,127.0.0.1,127.0.0.1,97,JOB,10240,READ,1,BYTE,2,1,DATA_BLOCK,2,0,Desired temperature,INT,Unknown,Unknown
53,"Mar  1, 2025 16:07:58.945054466 CET",1740841678.945054466,6.031378762,127.0.0.1,127.0.0.1,93,ACK_DATA,10240,READ,1,Unknown,Unknown,Unknown,Unknown,Unknown,Unknown,Desired temperature,INT,10,SUCCESS
54,"Mar  1, 2025 16:07:58.946270833 CET",1740841678.946270833,6.032595129,127.0.0.1,127.0.0.1,97,JOB,10496,READ,1,BYTE,4,1,DATA_BLOCK,4,0,Current temperature,REAL,Unknown,Unknown
55,"Mar  1, 2025 16:07:58.946493650 CET",1740841678.946493650,6.032817946,127.0.0.1,127.0.0.1,95,ACK_DATA,10496,READ,1,Unknown,Unknown,Unknown,Unknown,Unknown,Unknown,Current temperature,REAL,14.0,SUCCESS
57,"Mar  1, 2025 16:07:59.948838911 CET",1740841679.948838911,7.035163207,127.0.0.1,127.0.0.1,97,JOB,10752,READ,1,BYTE,1,1,DATA_BLOCK,0,0,Machine state,BOOL,Unknown,Unknown
58,"Mar  1, 2025 16:07:59.949021511 CET",1740841679.949021511,7.035345807,127.0.0.1,127.0.0.1,92,ACK_DATA,10752,READ,1,Unknown,Unknown,Unknown,Unknown,Unknown,Unknown,Machine state,BOOL,True,SUCCESS
60,"Mar  1, 2025 16:07:59.950138851 CET",1740841679.950138851,7.036463147,127.0.0.1,127.0.0.1,97,JOB,11008,READ,1,BYTE,2,1,DATA_BLOCK,2,0,Desired temperature,INT,Unknown,Unknown
61,"Mar  1, 2025 16:07:59.950297202 CET",1740841679.950297202,7.036621498,127.0.0.1,127.0.0.1,93,ACK_DATA,11008,READ,1,Unknown,Unknown,Unknown,Unknown,Unknown,Unknown,Desired temperature,INT,10,SUCCESS
62,"Mar  1, 2025 16:07:59.951497992 CET",1740841679.951497992,7.037822288,127.0.0.1,127.0.0.1,97,JOB,11264,READ,1,BYTE,4,1,DATA_BLOCK,4,0,Current temperature,REAL,Unknown,Unknown
63,"Mar  1, 2025 16:07:59.951683428 CET",1740841679.951683428,7.038007724,127.0.0.1,127.0.0.1,95,ACK_DATA,11264,READ,1,Unknown,Unknown,Unknown,Unknown,Unknown,Unknown,Current temperature,REAL,13.5,SUCCESS
65,"Mar  1, 2025 16:08:00.953697135 CET",1740841680.953697135,8.040021431,127.0.0.1,127.0.0.1,97,JOB,11520,READ,1,BYTE,1,1,DATA_BLOCK,0,0,Machine state,BOOL,Unknown,Unknown
66,"Mar  1, 2025 16:08:00.953885094 CET",1740841680.953885094,8.040209390,127.0.0.1,127.0.0.1,92,ACK_DATA,11520,READ,1,Unknown,Unknown,Unknown,Unknown,Unknown,Unknown,Machine state,BOOL,True,SUCCESS
68,"Mar  1, 2025 16:08:00.955057935 CET",1740841680.955057935,8.041382231,127.0.0.1,127.0.0.1,97,JOB,11776,READ,1,BYTE,2,1,DATA_BLOCK,2,0,Desired temperature,INT,Unknown,Unknown
69,"Mar  1, 2025 16:08:00.955230502 CET",1740841680.955230502,8.041554798,127.0.0.1,127.0.0.1,93,ACK_DATA,11776,READ,1,Unknown,Unknown,Unknown,Unknown,Unknown,Unknown,Desired temperature,INT,10,SUCCESS
70,"Mar  1, 2025 16:08:00.956476634 CET",1740841680.956476634,8.042800930,127.0.0.1,127.0.0.1,97,JOB,12032,READ,1,BYTE,4,1,DATA_BLOCK,4,0,Current temperature,REAL,Unknown,Unknown
71,"Mar  1, 2025 16:08:00.956657302 CET",1740841680.956657302,8.042981598,127.0.0.1,127.0.0.1,95,ACK_DATA,12032,READ,1,Unknown,Unknown,Unknown,Unknown,Unknown,Unknown,Current temperature,REAL,13.0,SUCCESS
73,"Mar  1, 2025 16:08:01.958698455 CET",1740841681.958698455,9.045022751,127.0.0.1,127.0.0.1,97,JOB,12288,READ,1,BYTE,1,1,DATA_BLOCK,0,0,Machine state,BOOL,Unknown,Unknown
74,"Mar  1, 2025 16:08:01.958881561 CET",1740841681.958881561,9.045205857,127.0.0.1,127.0.0.1,92,ACK_DATA,12288,READ,1,Unknown,Unknown,Unknown,Unknown,Unknown,Unknown,Machine state,BOOL,True,SUCCESS
76,"Mar  1, 2025 16:08:01.960046963 CET",1740841681.960046963,9.046371259,127.0.0.1,127.0.0.1,97,JOB,12544,READ,1,BYTE,2,1,DATA_BLOCK,2,0,Desired temperature,INT,Unknown,Unknown
77,"Mar  1, 2025 16:08:01.960212627 CET",1740841681.960212627,9.046536923,127.0.0.1,127.0.0.1,93,ACK_DATA,12544,READ,1,Unknown,Unknown,Unknown,Unknown,Unknown,Unknown,Desired temperature,INT,10,SUCCESS
78,"Mar  1, 2025 16:08:01.961420027 CET",1740841681.961420027,9.047744323,127.0.0.1,127.0.0.1,97,JOB,12800,READ,1,BYTE,4,1,DATA_BLOCK,4,0,Current temperature,REAL,Unknown,Unknown
79,"Mar  1, 2025 16:08:01.961559477 CET",1740841681.961559477,9.047883773,127.0.0.1,127.0.0.1,95,ACK_DATA,12800,READ,1,Unknown,Unknown,Unknown,Unknown,Unknown,Unknown,Current temperature,REAL,12.5,SUCCESS
81,"Mar  1, 2025 16:08:02.963610299 CET",1740841682.963610299,10.049934595,127.0.0.1,127.0.0.1,97,JOB,13056,READ,1,BYTE,1,1,DATA_BLOCK,0,0,Machine state,BOOL,Unknown,Unknown
82,"Mar  1, 2025 16:08:02.963741294 CET",1740841682.963741294,10.050065590,127.0.0.1,127.0.0.1,92,ACK_DATA,13056,READ,1,Unknown,Unknown,Unknown,Unknown,Unknown,Unknown,Machine state,BOOL,True,SUCCESS
84,"Mar  1, 2025 16:08:02.965003607 CET",1740841682.965003607,10.051327903,127.0.0.1,127.0.0.1,97,JOB,13312,READ,1,BYTE,2,1,DATA_BLOCK,2,0,Desired temperature,INT,Unknown,Unknown
85,"Mar  1, 2025 16:08:02.965179827 CET",1740841682.965179827,10.051504123,127.0.0.1,127.0.0.1,93,ACK_DATA,13312,READ,1,Unknown,Unknown,Unknown,Unknown,Unknown,Unknown,Desired temperature,INT,10,SUCCESS
86,"Mar  1, 2025 16:08:02.966356525 CET",1740841682.966356525,10.052680821,127.0.0.1,127.0.0.1,97,JOB,13568,READ,1,BYTE,4,1,DATA_BLOCK,4,0,Current temperature,REAL,Unknown,Unknown
87,"Mar  1, 2025 16:08:02.966562163 CET",1740841682.966562163,10.052886459,127.0.0.1,127.0.0.1,95,ACK_DATA,13568,READ,1,Unknown,Unknown,Unknown,Unknown,Unknown,Unknown,Current temperature,REAL,12.0,SUCCESS
89,"Mar  1, 2025 16:08:03.968636969 CET",1740841683.968636969,11.054961265,127.0.0.1,127.0.0.1,97,JOB,13824,READ,1,BYTE,1,1,DATA_BLOCK,0,0,Machine state,BOOL,Unknown,Unknown
90,"Mar  1, 2025 16:08:03.968792809 CET",1740841683.968792809,11.055117105,127.0.0.1,127.0.0.1,92,ACK_DATA,13824,READ,1,Unknown,Unknown,Unknown,Unknown,Unknown,Unknown,Machine state,BOOL,True,SUCCESS
92,"Mar  1, 2025 16:08:03.969948088 CET",1740841683.969948088,11.056272384,127.0.0.1,127.0.0.1,97,JOB,14080,READ,1,BYTE,2,1,DATA_BLOCK,2,0,Desired temperature,INT,Unknown,Unknown
93,"Mar  1, 2025 16:08:03.970132992 CET",1740841683.970132992,11.056457288,127.0.0.1,127.0.0.1,93,ACK_DATA,14080,READ,1,Unknown,Unknown,Unknown,Unknown,Unknown,Unknown,Desired temperature,INT,10,SUCCESS
94,"Mar  1, 2025 16:08:03.971240542 CET",1740841683.971240542,11.057564838,127.0.0.1,127.0.0.1,97,JOB,14336,READ,1,BYTE,4,1,DATA_BLOCK,4,0,Current temperature,REAL,Unknown,Unknown
95,"Mar  1, 2025 16:08:03.971462710 CET",1740841683.971462710,11.057787006,127.0.0.1,127.0.0.1,95,ACK_DATA,14336,READ,1,Unknown,Unknown,Unknown,Unknown,Unknown,Unknown,Current temperature,REAL,11.5,SUCCESS
103,"Mar  1, 2025 16:08:04.973589732 CET",1740841684.973589732,12.059914028,127.0.0.1,127.0.0.1,97,JOB,14592,READ,1,BYTE,1,1,DATA_BLOCK,0,0,Machine state,BOOL,Unknown,Unknown
104,"Mar  1, 2025 16:08:04.973723153 CET",1740841684.973723153,12.060047449,127.0.0.1,127.0.0.1,92,ACK_DATA,14592,READ,1,Unknown,Unknown,Unknown,Unknown,Unknown,Unknown,Machine state,BOOL,True,SUCCESS
106,"Mar  1, 2025 16:08:04.974921929 CET",1740841684.974921929,12.061246225,127.0.0.1,127.0.0.1,97,JOB,14848,READ,1,BYTE,2,1,DATA_BLOCK,2,0,Desired temperature,INT,Unknown,Unknown
107,"Mar  1, 2025 16:08:04.975044917 CET",1740841684.975044917,12.061369213,127.0.0.1,127.0.0.1,93,ACK_DATA,14848,READ,1,Unknown,Unknown,Unknown,Unknown,Unknown,Unknown,Desired temperature,INT,10,SUCCESS
108,"Mar  1, 2025 16:08:04.976287357 CET",1740841684.976287357,12.062611653,127.0.0.1,127.0.0.1,97,JOB,15104,READ,1,BYTE,4,1,DATA_BLOCK,4,0,Current temperature,REAL,Unknown,Unknown
109,"Mar  1, 2025 16:08:04.976444878 CET",1740841684.976444878,12.062769174,127.0.0.1,127.0.0.1,95,ACK_DATA,15104,READ,1,Unknown,Unknown,Unknown,Unknown,Unknown,Unknown,Current temperature,REAL,11.0,SUCCESS
111,"Mar  1, 2025 16:08:05.978509809 CET",1740841685.978509809,13.064834105,127.0.0.1,127.0.0.1,97,JOB,15360,READ,1,BYTE,1,1,DATA_BLOCK,0,0,Machine state,BOOL,Unknown,Unknown
112,"Mar  1, 2025 16:08:05.978580760 CET",1740841685.978580760,13.064905056,127.0.0.1,127.0.0.1,92,ACK_DATA,15360,READ,1,Unknown,Unknown,Unknown,Unknown,Unknown,Unknown,Machine state,BOOL,True,SUCCESS
114,"Mar  1, 2025 16:08:05.979639452 CET",1740841685.979639452,13.065963748,127.0.0.1,127.0.0.1,97,JOB,15616,READ,1,BYTE,2,1,DATA_BLOCK,2,0,Desired temperature,INT,Unknown,Unknown
115,"Mar  1, 2025 16:08:05.979674556 CET",1740841685.979674556,13.065998852,127.0.0.1,127.0.0.1,93,ACK_DATA,15616,READ,1,Unknown,Unknown,Unknown,Unknown,Unknown,Unknown,Desired temperature,INT,10,SUCCESS
116,"Mar  1, 2025 16:08:05.980858903 CET",1740841685.980858903,13.067183199,127.0.0.1,127.0.0.1,97,JOB,15872,READ,1,BYTE,4,1,DATA_BLOCK,4,0,Current temperature,REAL,Unknown,Unknown
117,"Mar  1, 2025 16:08:05.980918634 CET",1740841685.980918634,13.067242930,127.0.0.1,127.0.0.1,95,ACK_DATA,15872,READ,1,Unknown,Unknown,Unknown,Unknown,Unknown,Unknown,Current temperature,REAL,10.5,SUCCESS
119,"Mar  1, 2025 16:08:06.982651938 CET",1740841686.982651938,14.068976234,127.0.0.1,127.0.0.1,97,JOB,16128,READ,1,BYTE,1,1,DATA_BLOCK,0,0,Machine state,BOOL,Unknown,Unknown
120,"Mar  1, 2025 16:08:06.982776102 CET",1740841686.982776102,14.069100398,127.0.0.1,127.0.0.1,92,ACK_DATA,16128,READ,1,Unknown,Unknown,Unknown,Unknown,Unknown,Unknown,Machine state,BOOL,True,SUCCESS
122,"Mar  1, 2025 16:08:06.983985987 CET",1740841686.983985987,14.070310283,127.0.0.1,127.0.0.1,97,JOB,16384,READ,1,BYTE,2,1,DATA_BLOCK,2,0,Desired temperature,INT,Unknown,Unknown
123,"Mar  1, 2025 16:08:06.984156806 CET",1740841686.984156806,14.070481102,127.0.0.1,127.0.0.1,93,ACK_DATA,16384,READ,1,Unknown,Unknown,Unknown,Unknown,Unknown,Unknown,Desired temperature,INT,10,SUCCESS
124,"Mar  1, 2025 16:08:06.985335408 CET",1740841686.985335408,14.071659704,127.0.0.1,127.0.0.1,97,JOB,16640,READ,1,BYTE,4,1,DATA_BLOCK,4,0,Current temperature,REAL,Unknown,Unknown
125,"Mar  1, 2025 16:08:06.985535986 CET",1740841686.985535986,14.071860282,127.0.0.1,127.0.0.1,95,ACK_DATA,16640,READ,1,Unknown,Unknown,Unknown,Unknown,Unknown,Unknown,Current temperature,REAL,10.0,SUCCESS
127,"Mar  1, 2025 16:08:07.987661953 CET",1740841687.987661953,15.073986249,127.0.0.1,127.0.0.1,97,JOB,16896,READ,1,BYTE,1,1,DATA_BLOCK,0,0,Machine state,BOOL,Unknown,Unknown
128,"Mar  1, 2025 16:08:07.987841000 CET",1740841687.987841000,15.074165296,127.0.0.1,127.0.0.1,92,ACK_DATA,16896,READ,1,Unknown,Unknown,Unknown,Unknown,Unknown,Unknown,Machine state,BOOL,True,SUCCESS
130,"Mar  1, 2025 16:08:07.989013064 CET",1740841687.989013064,15.075337360,127.0.0.1,127.0.0.1,97,JOB,17152,READ,1,BYTE,2,1,DATA_BLOCK,2,0,Desired temperature,INT,Unknown,Unknown
131,"Mar  1, 2025 16:08:07.989176291 CET",1740841687.989176291,15.075500587,127.0.0.1,127.0.0.1,93,ACK_DATA,17152,READ,1,Unknown,Unknown,Unknown,Unknown,Unknown,Unknown,Desired temperature,INT,10,SUCCESS
132,"Mar  1, 2025 16:08:07.990363897 CET",1740841687.990363897,15.076688193,127.0.0.1,127.0.0.1,97,JOB,17408,READ,1,BYTE,4,1,DATA_BLOCK,4,0,Current temperature,REAL,Unknown,Unknown
133,"Mar  1, 2025 16:08:07.990544242 CET",1740841687.990544242,15.076868538,127.0.0.1,127.0.0.1,95,ACK_DATA,17408,READ,1,Unknown,Unknown,Unknown,Unknown,Unknown,Unknown,Current temperature,REAL,9.5,SUCCESS
135,"Mar  1, 2025 16:08:08.992565853 CET",1740841688.992565853,16.078890149,127.0.0.1,127.0.0.1,97,JOB,17664,READ,1,BYTE,1,1,DATA_BLOCK,0,0,Machine state,BOOL,Unknown,Unknown
136,"Mar  1, 2025 16:08:08.992604155 CET",1740841688.992604155,16.078928451,127.0.0.1,127.0.0.1,92,ACK_DATA,17664,READ,1,Unknown,Unknown,Unknown,Unknown,Unknown,Unknown,Machine state,BOOL,True,SUCCESS
138,"Mar  1, 2025 16:08:08.993721618 CET",1740841688.993721618,16.080045914,127.0.0.1,127.0.0.1,97,JOB,17920,READ,1,BYTE,2,1,DATA_BLOCK,2,0,Desired temperature,INT,Unknown,Unknown
139,"Mar  1, 2025 16:08:08.993753855 CET",1740841688.993753855,16.080078151,127.0.0.1,127.0.0.1,93,ACK_DATA,17920,READ,1,Unknown,Unknown,Unknown,Unknown,Unknown,Unknown,Desired temperature,INT,10,SUCCESS
140,"Mar  1, 2025 16:08:08.994942709 CET",1740841688.994942709,16.081267005,127.0.0.1,127.0.0.1,97,JOB,18176,READ,1,BYTE,4,1,DATA_BLOCK,4,0,Current temperature,REAL,Unknown,Unknown
141,"Mar  1, 2025 16:08:08.994974014 CET",1740841688.994974014,16.081298310,127.0.0.1,127.0.0.1,95,ACK_DATA,18176,READ,1,Unknown,Unknown,Unknown,Unknown,Unknown,Unknown,Current temperature,REAL,9.0,SUCCESS
143,"Mar  1, 2025 16:08:09.996640609 CET",1740841689.996640609,17.082964905,127.0.0.1,127.0.0.1,97,JOB,18432,READ,1,BYTE,1,1,DATA_BLOCK,0,0,Machine state,BOOL,Unknown,Unknown
144,"Mar  1, 2025 16:08:09.996818514 CET",1740841689.996818514,17.083142810,127.0.0.1,127.0.0.1,92,ACK_DATA,18432,READ,1,Unknown,Unknown,Unknown,Unknown,Unknown,Unknown,Machine state,BOOL,True,SUCCESS
146,"Mar  1, 2025 16:08:09.997970516 CET",1740841689.997970516,17.084294812,127.0.0.1,127.0.0.1,97,JOB,18688,READ,1,BYTE,2,1,DATA_BLOCK,2,0,Desired temperature,INT,Unknown,Unknown
147,"Mar  1, 2025 16:08:09.998119256 CET",1740841689.998119256,17.084443552,127.0.0.1,127.0.0.1,93,ACK_DATA,18688,READ,1,Unknown,Unknown,Unknown,Unknown,Unknown,Unknown,Desired temperature,INT,10,SUCCESS
148,"Mar  1, 2025 16:08:09.999320328 CET",1740841689.999320328,17.085644624,127.0.0.1,127.0.0.1,97,JOB,18944,READ,1,BYTE,4,1,DATA_BLOCK,4,0,Current temperature,REAL,Unknown,Unknown
149,"Mar  1, 2025 16:08:09.999526999 CET",1740841689.999526999,17.085851295,127.0.0.1,127.0.0.1,95,ACK_DATA,18944,READ,1,Unknown,Unknown,Unknown,Unknown,Unknown,Unknown,Current temperature,REAL,8.5,SUCCESS
151,"Mar  1, 2025 16:08:11.001676315 CET",1740841691.001676315,18.088000611,127.0.0.1,127.0.0.1,97,JOB,19200,READ,1,BYTE,1,1,DATA_BLOCK,0,0,Machine state,BOOL,Unknown,Unknown
152,"Mar  1, 2025 16:08:11.001848113 CET",1740841691.001848113,18.088172409,127.0.0.1,127.0.0.1,92,ACK_DATA,19200,READ,1,Unknown,Unknown,Unknown,Unknown,Unknown,Unknown,Machine state,BOOL,True,SUCCESS
154,"Mar  1, 2025 16:08:11.003011087 CET",1740841691.003011087,18.089335383,127.0.0.1,127.0.0.1,97,JOB,19456,READ,1,BYTE,2,1,DATA_BLOCK,2,0,Desired temperature,INT,Unknown,Unknown
155,"Mar  1, 2025 16:08:11.003170394 CET",1740841691.003170394,18.089494690,127.0.0.1,127.0.0.1,93,ACK_DATA,19456,READ,1,Unknown,Unknown,Unknown,Unknown,Unknown,Unknown,Desired temperature,INT,10,SUCCESS
156,"Mar  1, 2025 16:08:11.004365443 CET",1740841691.004365443,18.090689739,127.0.0.1,127.0.0.1,97,JOB,19712,READ,1,BYTE,4,1,DATA_BLOCK,4,0,Current temperature,REAL,Unknown,Unknown
157,"Mar  1, 2025 16:08:11.004548783 CET",1740841691.004548783,18.090873079,127.0.0.1,127.0.0.1,95,ACK_DATA,19712,READ,1,Unknown,Unknown,Unknown,Unknown,Unknown,Unknown,Current temperature,REAL,8.0,SUCCESS
159,"Mar  1, 2025 16:08:12.006634461 CET",1740841692.006634461,19.092958757,127.0.0.1,127.0.0.1,97,JOB,19968,READ,1,BYTE,1,1,DATA_BLOCK,0,0,Machine state,BOOL,Unknown,Unknown
160,"Mar  1, 2025 16:08:12.006768277 CET",1740841692.006768277,19.093092573,127.0.0.1,127.0.0.1,92,ACK_DATA,19968,READ,1,Unknown,Unknown,Unknown,Unknown,Unknown,Unknown,Machine state,BOOL,True,SUCCESS
162,"Mar  1, 2025 16:08:12.008009241 CET",1740841692.008009241,19.094333537,127.0.0.1,127.0.0.1,97,JOB,20224,READ,1,BYTE,2,1,DATA_BLOCK,2,0,Desired temperature,INT,Unknown,Unknown
163,"Mar  1, 2025 16:08:12.008186097 CET",1740841692.008186097,19.094510393,127.0.0.1,127.0.0.1,93,ACK_DATA,20224,READ,1,Unknown,Unknown,Unknown,Unknown,Unknown,Unknown,Desired temperature,INT,10,SUCCESS
164,"Mar  1, 2025 16:08:12.009332364 CET",1740841692.009332364,19.095656660,127.0.0.1,127.0.0.1,97,JOB,20480,READ,1,BYTE,4,1,DATA_BLOCK,4,0,Current temperature,REAL,Unknown,Unknown
165,"Mar  1, 2025 16:08:12.009502391 CET",1740841692.009502391,19.095826687,127.0.0.1,127.0.0.1,95,ACK_DATA,20480,READ,1,Unknown,Unknown,Unknown,Unknown,Unknown,Unknown,Current temperature,REAL,7.5,SUCCESS
166,"Mar  1, 2025 16:08:12.010744289 CET",1740841692.010744289,19.097068585,127.0.0.1,127.0.0.1,103,JOB,20736,WRITE,1,BYTE,2,1,DATA_BLOCK,0,0,Machine state,BOOL,False,RESERVED
167,"Mar  1, 2025 16:08:12.010912578 CET",1740841692.010912578,19.097236874,127.0.0.1,127.0.0.1,88,ACK_DATA,20736,WRITE,1,Unknown,Unknown,Unknown,Unknown,Unknown,Unknown,Machine state,BOOL,Unknown,SUCCESS
169,"Mar  1, 2025 16:08:13.012568354 CET",1740841693.012568354,20.098892650,127.0.0.1,127.0.0.1,97,JOB,20992,READ,1,BYTE,1,1,DATA_BLOCK,0,0,Machine state,BOOL,Unknown,Unknown
170,"Mar  1, 2025 16:08:13.012645572 CET",1740841693.012645572,20.098969868,127.0.0.1,127.0.0.1,92,ACK_DATA,20992,READ,1,Unknown,Unknown,Unknown,Unknown,Unknown,Unknown,Machine state,BOOL,False,SUCCESS
172,"Mar  1, 2025 16:08:13.013695743 CET",1740841693.013695743,20.100020039,127.0.0.1,127.0.0.1,97,JOB,21248,READ,1,BYTE,2,1,DATA_BLOCK,2,0,Desired temperature,INT,Unknown,Unknown
173,"Mar  1, 2025 16:08:13.013760180 CET",1740841693.013760180,20.100084476,127.0.0.1,127.0.0.1,93,ACK_DATA,21248,READ,1,Unknown,Unknown,Unknown,Unknown,Unknown,Unknown,Desired temperature,INT,10,SUCCESS
174,"Mar  1, 2025 16:08:13.014894308 CET",1740841693.014894308,20.101218604,127.0.0.1,127.0.0.1,97,JOB,21504,READ,1,BYTE,4,1,DATA_BLOCK,4,0,Current temperature,REAL,Unknown,Unknown
175,"Mar  1, 2025 16:08:13.014960008 CET",1740841693.014960008,20.101284304,127.0.0.1,127.0.0.1,95,ACK_DATA,21504,READ,1,Unknown,Unknown,Unknown,Unknown,Unknown,Unknown,Current temperature,REAL,8.0,SUCCESS
177,"Mar  1, 2025 16:08:14.016971739 CET",1740841694.016971739,21.103296035,127.0.0.1,127.0.0.1,97,JOB,21760,READ,1,BYTE,1,1,DATA_BLOCK,0,0,Machine state,BOOL,Unknown,Unknown
178,"Mar  1, 2025 16:08:14.017136544 CET",1740841694.017136544,21.103460840,127.0.0.1,127.0.0.1,92,ACK_DATA,21760,READ,1,Unknown,Unknown,Unknown,Unknown,Unknown,Unknown,Machine state,BOOL,False,SUCCESS
180,"Mar  1, 2025 16:08:14.018246201 CET",1740841694.018246201,21.104570497,127.0.0.1,127.0.0.1,97,JOB,22016,READ,1,BYTE,2,1,DATA_BLOCK,2,0,Desired temperature,INT,Unknown,Unknown
181,"Mar  1, 2025 16:08:14.018427754 CET",1740841694.018427754,21.104752050,127.0.0.1,127.0.0.1,93,ACK_DATA,22016,READ,1,Unknown,Unknown,Unknown,Unknown,Unknown,Unknown,Desired temperature,INT,10,SUCCESS
182,"Mar  1, 2025 16:08:14.019607044 CET",1740841694.019607044,21.105931340,127.0.0.1,127.0.0.1,97,JOB,22272,READ,1,BYTE,4,1,DATA_BLOCK,4,0,Current temperature,REAL,Unknown,Unknown
183,"Mar  1, 2025 16:08:14.019767967 CET",1740841694.019767967,21.106092263,127.0.0.1,127.0.0.1,95,ACK_DATA,22272,READ,1,Unknown,Unknown,Unknown,Unknown,Unknown,Unknown,Current temperature,REAL,8.5,SUCCESS
185,"Mar  1, 2025 16:08:15.021587964 CET",1740841695.021587964,22.107912260,127.0.0.1,127.0.0.1,97,JOB,22528,READ,1,BYTE,1,1,DATA_BLOCK,0,0,Machine state,BOOL,Unknown,Unknown
186,"Mar  1, 2025 16:08:15.021756550 CET",1740841695.021756550,22.108080846,127.0.0.1,127.0.0.1,92,ACK_DATA,22528,READ,1,Unknown,Unknown,Unknown,Unknown,Unknown,Unknown,Machine state,BOOL,False,SUCCESS
188,"Mar  1, 2025 16:08:15.022951622 CET",1740841695.022951622,22.109275918,127.0.0.1,127.0.0.1,97,JOB,22784,READ,1,BYTE,2,1,DATA_BLOCK,2,0,Desired temperature,INT,Unknown,Unknown
189,"Mar  1, 2025 16:08:15.023123796 CET",1740841695.023123796,22.109448092,127.0.0.1,127.0.0.1,93,ACK_DATA,22784,READ,1,Unknown,Unknown,Unknown,Unknown,Unknown,Unknown,Desired temperature,INT,10,SUCCESS
190,"Mar  1, 2025 16:08:15.024319914 CET",1740841695.024319914,22.110644210,127.0.0.1,127.0.0.1,97,JOB,23040,READ,1,BYTE,4,1,DATA_BLOCK,4,0,Current temperature,REAL,Unknown,Unknown
191,"Mar  1, 2025 16:08:15.024511153 CET",1740841695.024511153,22.110835449,127.0.0.1,127.0.0.1,95,ACK_DATA,23040,READ,1,Unknown,Unknown,Unknown,Unknown,Unknown,Unknown,Current temperature,REAL,9.0,SUCCESS
193,"Mar  1, 2025 16:08:16.026604400 CET",1740841696.026604400,23.112928696,127.0.0.1,127.0.0.1,97,JOB,23296,READ,1,BYTE,1,1,DATA_BLOCK,0,0,Machine state,BOOL,Unknown,Unknown
194,"Mar  1, 2025 16:08:16.026742982 CET",1740841696.026742982,23.113067278,127.0.0.1,127.0.0.1,92,ACK_DATA,23296,READ,1,Unknown,Unknown,Unknown,Unknown,Unknown,Unknown,Machine state,BOOL,False,SUCCESS
196,"Mar  1, 2025 16:08:16.027902229 CET",1740841696.027902229,23.114226525,127.0.0.1,127.0.0.1,97,JOB,23552,READ,1,BYTE,2,1,DATA_BLOCK,2,0,Desired temperature,INT,Unknown,Unknown
197,"Mar  1, 2025 16:08:16.028022908 CET",1740841696.028022908,23.114347204,127.0.0.1,127.0.0.1,93,ACK_DATA,23552,READ,1,Unknown,Unknown,Unknown,Unknown,Unknown,Unknown,Desired temperature,INT,10,SUCCESS
198,"Mar  1, 2025 16:08:16.029200865 CET",1740841696.029200865,23.115525161,127.0.0.1,127.0.0.1,97,JOB,23808,READ,1,BYTE,4,1,DATA_BLOCK,4,0,Current temperature,REAL,Unknown,Unknown
199,"Mar  1, 2025 16:08:16.029320809 CET",1740841696.029320809,23.115645105,127.0.0.1,127.0.0.1,95,ACK_DATA,23808,READ,1,Unknown,Unknown,Unknown,Unknown,Unknown,Unknown,Current temperature,REAL,9.5,SUCCESS
201,"Mar  1, 2025 16:08:17.031678693 CET",1740841697.031678693,24.118002989,127.0.0.1,127.0.0.1,97,JOB,24064,READ,1,BYTE,1,1,DATA_BLOCK,0,0,Machine state,BOOL,Unknown,Unknown
202,"Mar  1, 2025 16:08:17.031830833 CET",1740841697.031830833,24.118155129,127.0.0.1,127.0.0.1,92,ACK_DATA,24064,READ,1,Unknown,Unknown,Unknown,Unknown,Unknown,Unknown,Machine state,BOOL,False,SUCCESS
204,"Mar  1, 2025 16:08:17.033001300 CET",1740841697.033001300,24.119325596,127.0.0.1,127.0.0.1,97,JOB,24320,READ,1,BYTE,2,1,DATA_BLOCK,2,0,Desired temperature,INT,Unknown,Unknown
205,"Mar  1, 2025 16:08:17.033120481 CET",1740841697.033120481,24.119444777,127.0.0.1,127.0.0.1,93,ACK_DATA,24320,READ,1,Unknown,Unknown,Unknown,Unknown,Unknown,Unknown,Desired temperature,INT,10,SUCCESS
206,"Mar  1, 2025 16:08:17.034348281 CET",1740841697.034348281,24.120672577,127.0.0.1,127.0.0.1,97,JOB,24576,READ,1,BYTE,4,1,DATA_BLOCK,4,0,Current temperature,REAL,Unknown,Unknown
207,"Mar  1, 2025 16:08:17.034505299 CET",1740841697.034505299,24.120829595,127.0.0.1,127.0.0.1,95,ACK_DATA,24576,READ,1,Unknown,Unknown,Unknown,Unknown,Unknown,Unknown,Current temperature,REAL,10.0,SUCCESS
209,"Mar  1, 2025 16:08:18.036558246 CET",1740841698.036558246,25.122882542,127.0.0.1,127.0.0.1,97,JOB,24832,READ,1,BYTE,1,1,DATA_BLOCK,0,0,Machine state,BOOL,Unknown,Unknown
210,"Mar  1, 2025 16:08:18.036639497 CET",1740841698.036639497,25.122963793,127.0.0.1,127.0.0.1,92,ACK_DATA,24832,READ,1,Unknown,Unknown,Unknown,Unknown,Unknown,Unknown,Machine state,BOOL,False,SUCCESS
212,"Mar  1, 2025 16:08:18.037700954 CET",1740841698.037700954,25.124025250,127.0.0.1,127.0.0.1,97,JOB,25088,READ,1,BYTE,2,1,DATA_BLOCK,2,0,Desired temperature,INT,Unknown,Unknown
213,"Mar  1, 2025 16:08:18.037774843 CET",1740841698.037774843,25.124099139,127.0.0.1,127.0.0.1,93,ACK_DATA,25088,READ,1,Unknown,Unknown,Unknown,Unknown,Unknown,Unknown,Desired temperature,INT,10,SUCCESS
214,"Mar  1, 2025 16:08:18.038920834 CET",1740841698.038920834,25.125245130,127.0.0.1,127.0.0.1,97,JOB,25344,READ,1,BYTE,4,1,DATA_BLOCK,4,0,Current temperature,REAL,Unknown,Unknown
215,"Mar  1, 2025 16:08:18.038994437 CET",1740841698.038994437,25.125318733,127.0.0.1,127.0.0.1,95,ACK_DATA,25344,READ,1,Unknown,Unknown,Unknown,Unknown,Unknown,Unknown,Current temperature,REAL,10.5,SUCCESS
217,"Mar  1, 2025 16:08:19.040594177 CET",1740841699.040594177,26.126918473,127.0.0.1,127.0.0.1,97,JOB,25600,READ,1,BYTE,1,1,DATA_BLOCK,0,0,Machine state,BOOL,Unknown,Unknown
218,"Mar  1, 2025 16:08:19.040752749 CET",1740841699.040752749,26.127077045,127.0.0.1,127.0.0.1,92,ACK_DATA,25600,READ,1,Unknown,Unknown,Unknown,Unknown,Unknown,Unknown,Machine state,BOOL,False,SUCCESS
220,"Mar  1, 2025 16:08:19.041928320 CET",1740841699.041928320,26.128252616,127.0.0.1,127.0.0.1,97,JOB,25856,READ,1,BYTE,2,1,DATA_BLOCK,2,0,Desired temperature,INT,Unknown,Unknown
221,"Mar  1, 2025 16:08:19.042086681 CET",1740841699.042086681,26.128410977,127.0.0.1,127.0.0.1,93,ACK_DATA,25856,READ,1,Unknown,Unknown,Unknown,Unknown,Unknown,Unknown,Desired temperature,INT,10,SUCCESS
222,"Mar  1, 2025 16:08:19.043253624 CET",1740841699.043253624,26.129577920,127.0.0.1,127.0.0.1,97,JOB,26112,READ,1,BYTE,4,1,DATA_BLOCK,4,0,Current temperature,REAL,Unknown,Unknown
223,"Mar  1, 2025 16:08:19.043424051 CET",1740841699.043424051,26.129748347,127.0.0.1,127.0.0.1,95,ACK_DATA,26112,READ,1,Unknown,Unknown,Unknown,Unknown,Unknown,Unknown,Current temperature,REAL,11.0,SUCCESS
225,"Mar  1, 2025 16:08:20.045512896 CET",1740841700.045512896,27.131837192,127.0.0.1,127.0.0.1,97,JOB,26368,READ,1,BYTE,1,1,DATA_BLOCK,0,0,Machine state,BOOL,Unknown,Unknown
226,"Mar  1, 2025 16:08:20.045547241 CET",1740841700.045547241,27.131871537,127.0.0.1,127.0.0.1,92,ACK_DATA,26368,READ,1,Unknown,Unknown,Unknown,Unknown,Unknown,Unknown,Machine state,BOOL,False,SUCCESS
228,"Mar  1, 2025 16:08:20.046656640 CET",1740841700.046656640,27.132980936,127.0.0.1,127.0.0.1,97,JOB,26624,READ,1,BYTE,2,1,DATA_BLOCK,2,0,Desired temperature,INT,Unknown,Unknown
229,"Mar  1, 2025 16:08:20.046721731 CET",1740841700.046721731,27.133046027,127.0.0.1,127.0.0.1,93,ACK_DATA,26624,READ,1,Unknown,Unknown,Unknown,Unknown,Unknown,Unknown,Desired temperature,INT,10,SUCCESS
230,"Mar  1, 2025 16:08:20.047799969 CET",1740841700.047799969,27.134124265,127.0.0.1,127.0.0.1,97,JOB,26880,READ,1,BYTE,4,1,DATA_BLOCK,4,0,Current temperature,REAL,Unknown,Unknown
231,"Mar  1, 2025 16:08:20.047860348 CET",1740841700.047860348,27.134184644,127.0.0.1,127.0.0.1,95,ACK_DATA,26880,READ,1,Unknown,Unknown,Unknown,Unknown,Unknown,Unknown,Current temperature,REAL,11.5,SUCCESS
233,"Mar  1, 2025 16:08:21.049591391 CET",1740841701.049591391,28.135915687,127.0.0.1,127.0.0.1,97,JOB,27136,READ,1,BYTE,1,1,DATA_BLOCK,0,0,Machine state,BOOL,Unknown,Unknown
234,"Mar  1, 2025 16:08:21.049725985 CET",1740841701.049725985,28.136050281,127.0.0.1,127.0.0.1,92,ACK_DATA,27136,READ,1,Unknown,Unknown,Unknown,Unknown,Unknown,Unknown,Machine state,BOOL,False,SUCCESS
236,"Mar  1, 2025 16:08:21.050929536 CET",1740841701.050929536,28.137253832,127.0.0.1,127.0.0.1,97,JOB,27392,READ,1,BYTE,2,1,DATA_BLOCK,2,0,Desired temperature,INT,Unknown,Unknown
237,"Mar  1, 2025 16:08:21.051048343 CET",1740841701.051048343,28.137372639,127.0.0.1,127.0.0.1,93,ACK_DATA,27392,READ,1,Unknown,Unknown,Unknown,Unknown,Unknown,Unknown,Desired temperature,INT,10,SUCCESS
238,"Mar  1, 2025 16:08:21.052259880 CET",1740841701.052259880,28.138584176,127.0.0.1,127.0.0.1,97,JOB,27648,READ,1,BYTE,4,1,DATA_BLOCK,4,0,Current temperature,REAL,Unknown,Unknown
239,"Mar  1, 2025 16:08:21.052393846 CET",1740841701.052393846,28.138718142,127.0.0.1,127.0.0.1,95,ACK_DATA,27648,READ,1,Unknown,Unknown,Unknown,Unknown,Unknown,Unknown,Current temperature,REAL,12.0,SUCCESS
241,"Mar  1, 2025 16:08:22.054680326 CET",1740841702.054680326,29.141004622,127.0.0.1,127.0.0.1,97,JOB,27904,READ,1,BYTE,1,1,DATA_BLOCK,0,0,Machine state,BOOL,Unknown,Unknown
242,"Mar  1, 2025 16:08:22.054870126 CET",1740841702.054870126,29.141194422,127.0.0.1,127.0.0.1,92,ACK_DATA,27904,READ,1,Unknown,Unknown,Unknown,Unknown,Unknown,Unknown,Machine state,BOOL,False,SUCCESS
244,"Mar  1, 2025 16:08:22.056073927 CET",1740841702.056073927,29.142398223,127.0.0.1,127.0.0.1,97,JOB,28160,READ,1,BYTE,2,1,DATA_BLOCK,2,0,Desired temperature,INT,Unknown,Unknown
245,"Mar  1, 2025 16:08:22.056256054 CET",1740841702.056256054,29.142580350,127.0.0.1,127.0.0.1,93,ACK_DATA,28160,READ,1,Unknown,Unknown,Unknown,Unknown,Unknown,Unknown,Desired temperature,INT,10,SUCCESS
246,"Mar  1, 2025 16:08:22.057481801 CET",1740841702.057481801,29.143806097,127.0.0.1,127.0.0.1,97,JOB,28416,READ,1,BYTE,4,1,DATA_BLOCK,4,0,Current temperature,REAL,Unknown,Unknown
247,"Mar  1, 2025 16:08:22.057641984 CET",1740841702.057641984,29.143966280,127.0.0.1,127.0.0.1,95,ACK_DATA,28416,READ,1,Unknown,Unknown,Unknown,Unknown,Unknown,Unknown,Current temperature,REAL,12.5,SUCCESS
248,"Mar  1, 2025 16:08:22.058941264 CET",1740841702.058941264,29.145265560,127.0.0.1,127.0.0.1,103,JOB,28672,WRITE,1,BYTE,2,1,DATA_BLOCK,0,0,Machine state,BOOL,True,RESERVED
249,"Mar  1, 2025 16:08:22.059086030 CET",1740841702.059086030,29.145410326,127.0.0.1,127.0.0.1,88,ACK_DATA,28672,WRITE,1,Unknown,Unknown,Unknown,Unknown,Unknown,Unknown,Machine state,BOOL,Unknown,SUCCESS
251,"Mar  1, 2025 16:08:23.060590420 CET",1740841703.060590420,30.146914716,127.0.0.1,127.0.0.1,97,JOB,28928,READ,1,BYTE,1,1,DATA_BLOCK,0,0,Machine state,BOOL,Unknown,Unknown
252,"Mar  1, 2025 16:08:23.060669585 CET",1740841703.060669585,30.146993881,127.0.0.1,127.0.0.1,92,ACK_DATA,28928,READ,1,Unknown,Unknown,Unknown,Unknown,Unknown,Unknown,Machine state,BOOL,True,SUCCESS
254,"Mar  1, 2025 16:08:23.061833809 CET",1740841703.061833809,30.148158105,127.0.0.1,127.0.0.1,97,JOB,29184,READ,1,BYTE,2,1,DATA_BLOCK,2,0,Desired temperature,INT,Unknown,Unknown
255,"Mar  1, 2025 16:08:23.061950748 CET",1740841703.061950748,30.148275044,127.0.0.1,127.0.0.1,93,ACK_DATA,29184,READ,1,Unknown,Unknown,Unknown,Unknown,Unknown,Unknown,Desired temperature,INT,10,SUCCESS
256,"Mar  1, 2025 16:08:23.063054005 CET",1740841703.063054005,30.149378301,127.0.0.1,127.0.0.1,97,JOB,29440,READ,1,BYTE,4,1,DATA_BLOCK,4,0,Current temperature,REAL,Unknown,Unknown
257,"Mar  1, 2025 16:08:23.063180783 CET",1740841703.063180783,30.149505079,127.0.0.1,127.0.0.1,95,ACK_DATA,29440,READ,1,Unknown,Unknown,Unknown,Unknown,Unknown,Unknown,Current temperature,REAL,12.0,SUCCESS
259,"Mar  1, 2025 16:08:24.064678054 CET",1740841704.064678054,31.151002350,127.0.0.1,127.0.0.1,97,JOB,29696,READ,1,BYTE,1,1,DATA_BLOCK,0,0,Machine state,BOOL,Unknown,Unknown
260,"Mar  1, 2025 16:08:24.064858610 CET",1740841704.064858610,31.151182906,127.0.0.1,127.0.0.1,92,ACK_DATA,29696,READ,1,Unknown,Unknown,Unknown,Unknown,Unknown,Unknown,Machine state,BOOL,True,SUCCESS
262,"Mar  1, 2025 16:08:24.066008501 CET",1740841704.066008501,31.152332797,127.0.0.1,127.0.0.1,97,JOB,29952,READ,1,BYTE,2,1,DATA_BLOCK,2,0,Desired temperature,INT,Unknown,Unknown
263,"Mar  1, 2025 16:08:24.066172290 CET",1740841704.066172290,31.152496586,127.0.0.1,127.0.0.1,93,ACK_DATA,29952,READ,1,Unknown,Unknown,Unknown,Unknown,Unknown,Unknown,Desired temperature,INT,10,SUCCESS
264,"Mar  1, 2025 16:08:24.067359751 CET",1740841704.067359751,31.153684047,127.0.0.1,127.0.0.1,97,JOB,30208,READ,1,BYTE,4,1,DATA_BLOCK,4,0,Current temperature,REAL,Unknown,Unknown
265,"Mar  1, 2025 16:08:24.067544602 CET",1740841704.067544602,31.153868898,127.0.0.1,127.0.0.1,95,ACK_DATA,30208,READ,1,Unknown,Unknown,Unknown,Unknown,Unknown,Unknown,Current temperature,REAL,11.5,SUCCESS
267,"Mar  1, 2025 16:08:25.069675219 CET",1740841705.069675219,32.155999515,127.0.0.1,127.0.0.1,97,JOB,30464,READ,1,BYTE,1,1,DATA_BLOCK,0,0,Machine state,BOOL,Unknown,Unknown
268,"Mar  1, 2025 16:08:25.069850258 CET",1740841705.069850258,32.156174554,127.0.0.1,127.0.0.1,92,ACK_DATA,30464,READ,1,Unknown,Unknown,Unknown,Unknown,Unknown,Unknown,Machine state,BOOL,True,SUCCESS
270,"Mar  1, 2025 16:08:25.071018930 CET",1740841705.071018930,32.157343226,127.0.0.1,127.0.0.1,97,JOB,30720,READ,1,BYTE,2,1,DATA_BLOCK,2,0,Desired temperature,INT,Unknown,Unknown
271,"Mar  1, 2025 16:08:25.071182089 CET",1740841705.071182089,32.157506385,127.0.0.1,127.0.0.1,93,ACK_DATA,30720,READ,1,Unknown,Unknown,Unknown,Unknown,Unknown,Unknown,Desired temperature,INT,10,SUCCESS
272,"Mar  1, 2025 16:08:25.072369745 CET",1740841705.072369745,32.158694041,127.0.0.1,127.0.0.1,97,JOB,30976,READ,1,BYTE,4,1,DATA_BLOCK,4,0,Current temperature,REAL,Unknown,Unknown
273,"Mar  1, 2025 16:08:25.072547056 CET",1740841705.072547056,32.158871352,127.0.0.1,127.0.0.1,95,ACK_DATA,30976,READ,1,Unknown,Unknown,Unknown,Unknown,Unknown,Unknown,Current temperature,REAL,11.0,SUCCESS
275,"Mar  1, 2025 16:08:26.074621321 CET",1740841706.074621321,33.160945617,127.0.0.1,127.0.0.1,97,JOB,31232,READ,1,BYTE,1,1,DATA_BLOCK,0,0,Machine state,BOOL,Unknown,Unknown
276,"Mar  1, 2025 16:08:26.074822781 CET",1740841706.074822781,33.161147077,127.0.0.1,127.0.0.1,92,ACK_DATA,31232,READ,1,Unknown,Unknown,Unknown,Unknown,Unknown,Unknown,Machine state,BOOL,True,SUCCESS
278,"Mar  1, 2025 16:08:26.075956259 CET",1740841706.075956259,33.162280555,127.0.0.1,127.0.0.1,97,JOB,31488,READ,1,BYTE,2,1,DATA_BLOCK,2,0,Desired temperature,INT,Unknown,Unknown
279,"Mar  1, 2025 16:08:26.076133026 CET",1740841706.076133026,33.162457322,127.0.0.1,127.0.0.1,93,ACK_DATA,31488,READ,1,Unknown,Unknown,Unknown,Unknown,Unknown,Unknown,Desired temperature,INT,10,SUCCESS
280,"Mar  1, 2025 16:08:26.077313104 CET",1740841706.077313104,33.163637400,127.0.0.1,127.0.0.1,97,JOB,31744,READ,1,BYTE,4,1,DATA_BLOCK,4,0,Current temperature,REAL,Unknown,Unknown
281,"Mar  1, 2025 16:08:26.077494409 CET",1740841706.077494409,33.163818705,127.0.0.1,127.0.0.1,95,ACK_DATA,31744,READ,1,Unknown,Unknown,Unknown,Unknown,Unknown,Unknown,Current temperature,REAL,10.5,SUCCESS
283,"Mar  1, 2025 16:08:27.079619352 CET",1740841707.079619352,34.165943648,127.0.0.1,127.0.0.1,97,JOB,32000,READ,1,BYTE,1,1,DATA_BLOCK,0,0,Machine state,BOOL,Unknown,Unknown
284,"Mar  1, 2025 16:08:27.079747237 CET",1740841707.079747237,34.166071533,127.0.0.1,127.0.0.1,92,ACK_DATA,32000,READ,1,Unknown,Unknown,Unknown,Unknown,Unknown,Unknown,Machine state,BOOL,True,SUCCESS
286,"Mar  1, 2025 16:08:27.080997955 CET",1740841707.080997955,34.167322251,127.0.0.1,127.0.0.1,97,JOB,32256,READ,1,BYTE,2,1,DATA_BLOCK,2,0,Desired temperature,INT,Unknown,Unknown
287,"Mar  1, 2025 16:08:27.081153785 CET",1740841707.081153785,34.167478081,127.0.0.1,127.0.0.1,93,ACK_DATA,32256,READ,1,Unknown,Unknown,Unknown,Unknown,Unknown,Unknown,Desired temperature,INT,10,SUCCESS
288,"Mar  1, 2025 16:08:27.082457228 CET",1740841707.082457228,34.168781524,127.0.0.1,127.0.0.1,97,JOB,32512,READ,1,BYTE,4,1,DATA_BLOCK,4,0,Current temperature,REAL,Unknown,Unknown
289,"Mar  1, 2025 16:08:27.082630562 CET",1740841707.082630562,34.168954858,127.0.0.1,127.0.0.1,95,ACK_DATA,32512,READ,1,Unknown,Unknown,Unknown,Unknown,Unknown,Unknown,Current temperature,REAL,10.0,SUCCESS
291,"Mar  1, 2025 16:08:28.084687761 CET",1740841708.084687761,35.171012057,127.0.0.1,127.0.0.1,97,JOB,32768,READ,1,BYTE,1,1,DATA_BLOCK,0,0,Machine state,BOOL,Unknown,Unknown
292,"Mar  1, 2025 16:08:28.084875367 CET",1740841708.084875367,35.171199663,127.0.0.1,127.0.0.1,92,ACK_DATA,32768,READ,1,Unknown,Unknown,Unknown,Unknown,Unknown,Unknown,Machine state,BOOL,True,SUCCESS
294,"Mar  1, 2025 16:08:28.086027285 CET",1740841708.086027285,35.172351581,127.0.0.1,127.0.0.1,97,JOB,33024,READ,1,BYTE,2,1,DATA_BLOCK,2,0,Desired temperature,INT,Unknown,Unknown
295,"Mar  1, 2025 16:08:28.086262439 CET",1740841708.086262439,35.172586735,127.0.0.1,127.0.0.1,93,ACK_DATA,33024,READ,1,Unknown,Unknown,Unknown,Unknown,Unknown,Unknown,Desired temperature,INT,10,SUCCESS
296,"Mar  1, 2025 16:08:28.087452243 CET",1740841708.087452243,35.173776539,127.0.0.1,127.0.0.1,97,JOB,33280,READ,1,BYTE,4,1,DATA_BLOCK,4,0,Current temperature,REAL,Unknown,Unknown
297,"Mar  1, 2025 16:08:28.087629336 CET",1740841708.087629336,35.173953632,127.0.0.1,127.0.0.1,95,ACK_DATA,33280,READ,1,Unknown,Unknown,Unknown,Unknown,Unknown,Unknown,Current temperature,REAL,9.5,SUCCESS
299,"Mar  1, 2025 16:08:29.089850379 CET",1740841709.089850379,36.176174675,127.0.0.1,127.0.0.1,97,JOB,33536,READ,1,BYTE,1,1,DATA_BLOCK,0,0,Machine state,BOOL,Unknown,Unknown
300,"Mar  1, 2025 16:08:29.089941099 CET",1740841709.089941099,36.176265395,127.0.0.1,127.0.0.1,92,ACK_DATA,33536,READ,1,Unknown,Unknown,Unknown,Unknown,Unknown,Unknown,Machine state,BOOL,True,SUCCESS
302,"Mar  1, 2025 16:08:29.091100243 CET",1740841709.091100243,36.177424539,127.0.0.1,127.0.0.1,97,JOB,33792,READ,1,BYTE,2,1,DATA_BLOCK,2,0,Desired temperature,INT,Unknown,Unknown
303,"Mar  1, 2025 16:08:29.091165114 CET",1740841709.091165114,36.177489410,127.0.0.1,127.0.0.1,93,ACK_DATA,33792,READ,1,Unknown,Unknown,Unknown,Unknown,Unknown,Unknown,Desired temperature,INT,10,SUCCESS
304,"Mar  1, 2025 16:08:29.092240499 CET",1740841709.092240499,36.178564795,127.0.0.1,127.0.0.1,97,JOB,34048,READ,1,BYTE,4,1,DATA_BLOCK,4,0,Current temperature,REAL,Unknown,Unknown
305,"Mar  1, 2025 16:08:29.092301056 CET",1740841709.092301056,36.178625352,127.0.0.1,127.0.0.1,95,ACK_DATA,34048,READ,1,Unknown,Unknown,Unknown,Unknown,Unknown,Unknown,Current temperature,REAL,9.0,SUCCESS
307,"Mar  1, 2025 16:08:30.094654796 CET",1740841710.094654796,37.180979092,127.0.0.1,127.0.0.1,97,JOB,34304,READ,1,BYTE,1,1,DATA_BLOCK,0,0,Machine state,BOOL,Unknown,Unknown
308,"Mar  1, 2025 16:08:30.094820305 CET",1740841710.094820305,37.181144601,127.0.0.1,127.0.0.1,92,ACK_DATA,34304,READ,1,Unknown,Unknown,Unknown,Unknown,Unknown,Unknown,Machine state,BOOL,True,SUCCESS
310,"Mar  1, 2025 16:08:30.095973373 CET",1740841710.095973373,37.182297669,127.0.0.1,127.0.0.1,97,JOB,34560,READ,1,BYTE,2,1,DATA_BLOCK,2,0,Desired temperature,INT,Unknown,Unknown
311,"Mar  1, 2025 16:08:30.096142192 CET",1740841710.096142192,37.182466488,127.0.0.1,127.0.0.1,93,ACK_DATA,34560,READ,1,Unknown,Unknown,Unknown,Unknown,Unknown,Unknown,Desired temperature,INT,10,SUCCESS
312,"Mar  1, 2025 16:08:30.097297635 CET",1740841710.097297635,37.183621931,127.0.0.1,127.0.0.1,97,JOB,34816,READ,1,BYTE,4,1,DATA_BLOCK,4,0,Current temperature,REAL,Unknown,Unknown
313,"Mar  1, 2025 16:08:30.097517698 CET",1740841710.097517698,37.183841994,127.0.0.1,127.0.0.1,95,ACK_DATA,34816,READ,1,Unknown,Unknown,Unknown,Unknown,Unknown,Unknown,Current temperature,REAL,8.449999809265137,SUCCESS
315,"Mar  1, 2025 16:08:31.099624343 CET",1740841711.099624343,38.185948639,127.0.0.1,127.0.0.1,97,JOB,35072,READ,1,BYTE,1,1,DATA_BLOCK,0,0,Machine state,BOOL,Unknown,Unknown
316,"Mar  1, 2025 16:08:31.099829236 CET",1740841711.099829236,38.186153532,127.0.0.1,127.0.0.1,92,ACK_DATA,35072,READ,1,Unknown,Unknown,Unknown,Unknown,Unknown,Unknown,Machine state,BOOL,True,SUCCESS
318,"Mar  1, 2025 16:08:31.100897214 CET",1740841711.100897214,38.187221510,127.0.0.1,127.0.0.1,97,JOB,35328,READ,1,BYTE,2,1,DATA_BLOCK,2,0,Desired temperature,INT,Unknown,Unknown
319,"Mar  1, 2025 16:08:31.101062810 CET",1740841711.101062810,38.187387106,127.0.0.1,127.0.0.1,93,ACK_DATA,35328,READ,1,Unknown,Unknown,Unknown,Unknown,Unknown,Unknown,Desired temperature,INT,10,SUCCESS
320,"Mar  1, 2025 16:08:31.102149657 CET",1740841711.102149657,38.188473953,127.0.0.1,127.0.0.1,97,JOB,35584,READ,1,BYTE,4,1,DATA_BLOCK,4,0,Current temperature,REAL,Unknown,Unknown
321,"Mar  1, 2025 16:08:31.102306859 CET",1740841711.102306859,38.188631155,127.0.0.1,127.0.0.1,95,ACK_DATA,35584,READ,1,Unknown,Unknown,Unknown,Unknown,Unknown,Unknown,Current temperature,REAL,7.949999809265137,SUCCESS
322,"Mar  1, 2025 16:08:31.103561778 CET",1740841711.103561778,38.189886074,127.0.0.1,127.0.0.1,103,JOB,35840,WRITE,1,BYTE,2,1,DATA_BLOCK,0,0,Machine state,BOOL,False,RESERVED
323,"Mar  1, 2025 16:08:31.103737274 CET",1740841711.103737274,38.190061570,127.0.0.1,127.0.0.1,88,ACK_DATA,35840,WRITE,1,Unknown,Unknown,Unknown,Unknown,Unknown,Unknown,Machine state,BOOL,Unknown,SUCCESS
325,"Mar  1, 2025 16:08:32.105777653 CET",1740841712.105777653,39.192101949,127.0.0.1,127.0.0.1,97,JOB,36096,READ,1,BYTE,1,1,DATA_BLOCK,0,0,Machine state,BOOL,Unknown,Unknown
326,"Mar  1, 2025 16:08:32.105968299 CET",1740841712.105968299,39.192292595,127.0.0.1,127.0.0.1,92,ACK_DATA,36096,READ,1,Unknown,Unknown,Unknown,Unknown,Unknown,Unknown,Machine state,BOOL,False,SUCCESS
328,"Mar  1, 2025 16:08:32.107165599 CET",1740841712.107165599,39.193489895,127.0.0.1,127.0.0.1,97,JOB,36352,READ,1,BYTE,2,1,DATA_BLOCK,2,0,Desired temperature,INT,Unknown,Unknown
329,"Mar  1, 2025 16:08:32.107354288 CET",1740841712.107354288,39.193678584,127.0.0.1,127.0.0.1,93,ACK_DATA,36352,READ,1,Unknown,Unknown,Unknown,Unknown,Unknown,Unknown,Desired temperature,INT,10,SUCCESS
330,"Mar  1, 2025 16:08:32.108542371 CET",1740841712.108542371,39.194866667,127.0.0.1,127.0.0.1,97,JOB,36608,READ,1,BYTE,4,1,DATA_BLOCK,4,0,Current temperature,REAL,Unknown,Unknown
331,"Mar  1, 2025 16:08:32.108716764 CET",1740841712.108716764,39.195041060,127.0.0.1,127.0.0.1,95,ACK_DATA,36608,READ,1,Unknown,Unknown,Unknown,Unknown,Unknown,Unknown,Current temperature,REAL,8.449999809265137,SUCCESS
333,"Mar  1, 2025 16:08:33.110656759 CET",1740841713.110656759,40.196981055,127.0.0.1,127.0.0.1,97,JOB,36864,READ,1,BYTE,1,1,DATA_BLOCK,0,0,Machine state,BOOL,Unknown,Unknown
334,"Mar  1, 2025 16:08:33.110830911 CET",1740841713.110830911,40.197155207,127.0.0.1,127.0.0.1,92,ACK_DATA,36864,READ,1,Unknown,Unknown,Unknown,Unknown,Unknown,Unknown,Machine state,BOOL,False,SUCCESS
336,"Mar  1, 2025 16:08:33.111998913 CET",1740841713.111998913,40.198323209,127.0.0.1,127.0.0.1,97,JOB,37120,READ,1,BYTE,2,1,DATA_BLOCK,2,0,Desired temperature,INT,Unknown,Unknown
337,"Mar  1, 2025 16:08:33.112157669 CET",1740841713.112157669,40.198481965,127.0.0.1,127.0.0.1,93,ACK_DATA,37120,READ,1,Unknown,Unknown,Unknown,Unknown,Unknown,Unknown,Desired temperature,INT,10,SUCCESS
338,"Mar  1, 2025 16:08:33.113300408 CET",1740841713.113300408,40.199624704,127.0.0.1,127.0.0.1,97,JOB,37376,READ,1,BYTE,4,1,DATA_BLOCK,4,0,Current temperature,REAL,Unknown,Unknown
339,"Mar  1, 2025 16:08:33.113493392 CET",1740841713.113493392,40.199817688,127.0.0.1,127.0.0.1,95,ACK_DATA,37376,READ,1,Unknown,Unknown,Unknown,Unknown,Unknown,Unknown,Current temperature,REAL,8.949999809265137,SUCCESS
341,"Mar  1, 2025 16:08:34.115681196 CET",1740841714.115681196,41.202005492,127.0.0.1,127.0.0.1,97,JOB,37632,READ,1,BYTE,1,1,DATA_BLOCK,0,0,Machine state,BOOL,Unknown,Unknown
342,"Mar  1, 2025 16:08:34.115825130 CET",1740841714.115825130,41.202149426,127.0.0.1,127.0.0.1,92,ACK_DATA,37632,READ,1,Unknown,Unknown,Unknown,Unknown,Unknown,Unknown,Machine state,BOOL,False,SUCCESS
344,"Mar  1, 2025 16:08:34.117006069 CET",1740841714.117006069,41.203330365,127.0.0.1,127.0.0.1,97,JOB,37888,READ,1,BYTE,2,1,DATA_BLOCK,2,0,Desired temperature,INT,Unknown,Unknown
345,"Mar  1, 2025 16:08:34.117135542 CET",1740841714.117135542,41.203459838,127.0.0.1,127.0.0.1,93,ACK_DATA,37888,READ,1,Unknown,Unknown,Unknown,Unknown,Unknown,Unknown,Desired temperature,INT,10,SUCCESS
346,"Mar  1, 2025 16:08:34.118348068 CET",1740841714.118348068,41.204672364,127.0.0.1,127.0.0.1,97,JOB,38144,READ,1,BYTE,4,1,DATA_BLOCK,4,0,Current temperature,REAL,Unknown,Unknown
347,"Mar  1, 2025 16:08:34.118491649 CET",1740841714.118491649,41.204815945,127.0.0.1,127.0.0.1,95,ACK_DATA,38144,READ,1,Unknown,Unknown,Unknown,Unknown,Unknown,Unknown,Current temperature,REAL,9.449999809265137,SUCCESS
